,mean,std,name
0,64.76169246059918,30.090047097678493,Monthly Charges
1,32.37114865824223,24.55948102309446,Tenure Months
2,4400.295754650007,1183.0571519525197,CLTV
